{
  "provide_address": {
    "precision": 1.0,
    "recall": 1.0,
    "f1-score": 1.0,
    "support": 255,
    "confused_with": {}
  },
  "confirm_order": {
    "precision": 1.0,
    "recall": 1.0,
    "f1-score": 1.0,
    "support": 10,
    "confused_with": {}
  },
  "add_drink": {
    "precision": 1.0,
    "recall": 1.0,
    "f1-score": 1.0,
    "support": 42,
    "confused_with": {}
  },
  "greet": {
    "precision": 1.0,
    "recall": 1.0,
    "f1-score": 1.0,
    "support": 65,
    "confused_with": {}
  },
  "place_order": {
    "precision": 0.8571428571428571,
    "recall": 0.8823529411764706,
    "f1-score": 0.8695652173913043,
    "support": 34,
    "confused_with": {
      "order_pizza": 4
    }
  },
  "decline_offer": {
    "precision": 1.0,
    "recall": 1.0,
    "f1-score": 1.0,
    "support": 10,
    "confused_with": {}
  },
  "ask_delivery_time": {
    "precision": 1.0,
    "recall": 1.0,
    "f1-score": 1.0,
    "support": 32,
    "confused_with": {}
  },
  "order_pizza": {
    "precision": 0.9402985074626866,
    "recall": 0.9264705882352942,
    "f1-score": 0.9333333333333335,
    "support": 68,
    "confused_with": {
      "place_order": 5
    }
  },
  "thankyou": {
    "precision": 1.0,
    "recall": 1.0,
    "f1-score": 1.0,
    "support": 10,
    "confused_with": {}
  },
  "accuracy": 0.9828897338403042,
  "macro avg": {
    "precision": 0.9774934849561715,
    "recall": 0.9787581699346405,
    "f1-score": 0.9780998389694042,
    "support": 526
  },
  "weighted avg": {
    "precision": 0.983047824430266,
    "recall": 0.9828897338403042,
    "f1-score": 0.9829503499200969,
    "support": 526
  },
  "micro avg": {
    "precision": 0.9828897338403042,
    "recall": 0.9828897338403042,
    "f1-score": 0.9828897338403042,
    "support": 526
  }
}